Name,Category,Address,Phone,Email,Website,Source,Description
"The Boot Inn","Food & Drink","High Street, Wellingborough, NN8 4LZ","01933 222123","info@bootinn-wellingborough.co.uk","https://www.bootinn-wellingborough.co.uk","Wellingborough Town Council","Traditional pub serving real ales and home-cooked food in the heart of Wellingborough"
"Swanspool Garages","Automotive","London Road, Wellingborough, NN8 2DP","01933 274455","service@swanspoolgarages.co.uk","https://www.swanspoolgarages.co.uk","Business Magnet","Full service garage offering MOTs, servicing, and repairs for all vehicle makes"
"Wellingborough Hair Studio","Health & Beauty","Sheep Street, Wellingborough, NN8 1BX","01933 229876","appointments@wellingboroughhairstudio.co.uk","https://www.wellingboroughhairstudio.co.uk","LiveLocalAds","Professional hair salon offering cuts, colors, and treatments in Wellingborough town center"
"Market Square Cafe","Food & Drink","Market Square, Wellingborough, NN8 1AT","01933 441122","hello@marketsquarecafe.co.uk","https://www.marketsquarecafe.co.uk","Google Places API","Family-run cafe serving freshly made sandwiches, hot meals, and specialty coffee"
"Northants Accountancy Services","Professional Services","Victoria Street, Wellingborough, NN8 1HH","01933 356789","enquiries@northantsaccountancy.co.uk","https://www.northantsaccountancy.co.uk","Wellingborough Town Council","Chartered accountants providing tax advice, bookkeeping, and business consultancy"
"Redwell Fitness Centre","Sports & Fitness","Redwell Road, Wellingborough, NN8 5BD","01933 229400","info@redwellfitness.co.uk","https://www.redwellfitness.co.uk","Google Places API","Modern fitness center with gym equipment, group classes, and swimming pool"
"The Flower Shop Wellingborough","Retail","Oxford Street, Wellingborough, NN8 4HU","01933 278345","orders@flowershopwellingborough.co.uk","https://www.flowershopwellingborough.co.uk","LiveLocalAds","Local florist providing fresh flowers, arrangements, and wedding bouquets"
"Wellingborough Computer Repairs","Technology","High Street, Wellingborough, NN8 4LR","01933 445566","support@wellingboroughcomputers.co.uk","https://www.wellingboroughcomputers.co.uk","Business Magnet","Computer and mobile device repair service, also selling refurbished equipment"
"Harrison Estate Agents","Property","Silver Street, Wellingborough, NN8 1AS","01933 276543","sales@harrisonestates.co.uk","https://www.harrisonestates.co.uk","Northampton.co.uk","Local estate agency specializing in residential sales and lettings in Wellingborough"
"Little Stars Nursery","Education","Park Road, Wellingborough, NN8 1HR","01933 334455","enquiries@littlestarsnursery.co.uk","https://www.littlestarsnursery.co.uk","Wellingborough Town Council","Outstanding Ofsted-rated nursery providing childcare for ages 6 months to 5 years"